Date,Sero_NYC median,Sero_NYC 95%lower,Sero_NYC 95%upper,preg_median0.1,preg_upper0.1,preg_lower0.1,Expo_NYC median,Expo_NYC 95%lower,Expo_NYC 95%upper,preg obs,adj_sero_NYC_median,adj_sero_NYC_lower,adj_sero_NYC_upper
02/01/2020,0,0,0,,,,0,0,0,,,,
03/01/2020,0,0,0,,,,0,0,0,,,,
04/01/2020,0,0,0,,,,0,0,0,,,,
05/01/2020,0,0,0,,,,0,0,0,,,,
06/01/2020,0,0,0,,,,0,0,0,,,,
07/01/2020,0,0,0,,,,0,0,0,,,,
08/01/2020,0,0,0,,,,0,0,0,,,,
09/01/2020,0,0,0,,,,0,0,0,,,,
10/01/2020,0,0,0,,,,0,0,0,,,,
11/01/2020,0,0,0,,,,0,0,0,,,,
12/01/2020,0,0,0,,,,0,0,0,,,,
13/01/2020,0,0,0,,,,0,0,0,,,,
14/01/2020,0,0,0,,,,0,0,0,,,,
15/01/2020,0,0,0,,,,0,0,0,,,,
16/01/2020,0,0,0,,,,0,0,0,,,,
17/01/2020,0,0,0,,,,0,0,0,,,,
18/01/2020,0,0,0,,,,0,0,0,,,,
19/01/2020,0,0,0,,,,0,0,0,,,,
20/01/2020,0,0,0,,,,0,0,0,,,,
21/01/2020,0,0,0,,,,0,0,0,,,,
22/01/2020,0,0,0,,,,0,0,0,,,,
23/01/2020,0,0,0,,,,0,0,0,,,,
24/01/2020,0,0,0,,,,0,0,0,,,,
25/01/2020,0,0,0,,,,0,0,0,,,,
26/01/2020,0,0,0,,,,0,0,0,,,,
27/01/2020,0,0,0,,,,0,0,0,,,,
28/01/2020,0,0,0,,,,0,0,0,,,,
29/01/2020,0,0,0,,,,0,0,0,,,,
30/01/2020,0,0,0,,,,0,0,0,,,,
31/01/2020,0,0,0,,,,3.09E-05,2.72E-05,3.52E-05,,,,
01/02/2020,0,0,0,,,,4.64E-05,4.09E-05,5.28E-05,,,,
02/02/2020,0,0,0,,,,4.64E-05,4.09E-05,5.28E-05,,,,
03/02/2020,0,0,0,,,,4.64E-05,4.09E-05,5.28E-05,,,,
04/02/2020,0,0,0,,,,4.64E-05,4.09E-05,5.28E-05,,,,
05/02/2020,0,0,0,,,,4.64E-05,4.09E-05,5.28E-05,,,,
06/02/2020,0,0,0,,,,4.64E-05,4.09E-05,5.28E-05,,,,
07/02/2020,0,0,0,,,,7.73E-05,6.81E-05,8.80E-05,,,,
08/02/2020,0,0,0,,,,7.73E-05,6.81E-05,8.80E-05,,,,
09/02/2020,0,0,0,,,,9.28E-05,8.17E-05,0.000105571,,,,
10/02/2020,0,0,0,,,,9.28E-05,8.17E-05,0.000105571,,,,
11/02/2020,0,0,0,,,,0.000108287,9.53E-05,0.000123167,,,,
12/02/2020,0,0,0,,,,0.000247514,0.000217875,0.000281524,,,,
13/02/2020,0,0,0,,,,0.000278453,0.000245109,0.000316715,,,,
14/02/2020,0,0,0,,,,0.00043315,0.000381282,0.000492668,,,,
15/02/2020,0,0,0,,,,0.000510499,0.000449368,0.000580645,,,,
16/02/2020,0,0,0,,,,0.000587848,0.000517454,0.000668622,,,,
17/02/2020,0,0,0,,,,0.000788955,0.000694479,0.000897362,,,,
18/02/2020,0,0,0,,,,0.001175701,0.001034914,0.00133725,,,,
19/02/2020,0,0,0,,,,0.001577919,0.001388967,0.001794736,,,,
20/02/2020,0,0,0,,,,0.002088431,0.001838346,0.002375396,,,,
21/02/2020,3.07E-05,2.33E-05,3.95E-05,,,,0.002645357,0.002328582,0.003008847,,,,
22/02/2020,4.59E-05,3.55E-05,5.84E-05,,,,0.003542638,0.003118416,0.004029421,,,,
23/02/2020,4.58E-05,3.54E-05,5.83E-05,,,,0.004486343,0.003949115,0.005102798,,,,
24/02/2020,4.56E-05,3.54E-05,5.82E-05,,,,0.005677597,0.00499772,0.006457739,,,,
25/02/2020,4.56E-05,3.49E-05,5.77E-05,,,,0.007441314,0.006550236,0.008463802,,,,
26/02/2020,4.51E-05,3.46E-05,5.71E-05,,,,0.009266966,0.008157271,0.010540312,,,,
27/02/2020,4.48E-05,3.44E-05,5.73E-05,,,,0.011649677,0.010254658,0.013250423,,,,
28/02/2020,7.55E-05,5.86E-05,9.51E-05,,,,0.014852551,0.013073996,0.016893395,,,,
29/02/2020,7.50E-05,5.84E-05,9.47E-05,,,,0.018380541,0.016179519,0.020906155,,,,
01/03/2020,9.03E-05,7.00E-05,0.000113729,,,,0.022264651,0.019598517,0.025323969,,,,
02/03/2020,8.95E-05,7.01E-05,0.000113969,,,,0.026535898,0.023358293,0.030182115,,,,
03/03/2020,0.000104249,8.19E-05,0.000131223,,,,0.032974261,0.029025679,0.037505154,,,,
04/03/2020,0.000241486,0.000187722,0.000305825,,,,0.040094363,0.035293166,0.045603607,,,,
05/03/2020,0.000270708,0.000213842,0.000342887,,,,0.047973838,0.042229095,0.054565777,,,,
06/03/2020,0.000424652,0.000334011,0.000533643,,,,0.057123922,0.05028348,0.064973145,,,,
07/03/2020,0.000499012,0.000393791,0.000631332,,,,0.066600521,0.05862528,0.075751895,,,,
08/03/2020,0.000575317,0.000457823,0.000724045,,,,0.075644865,0.066586588,0.086038995,,,,
09/03/2020,0.000772578,0.00060836,0.000969355,,,,0.084551082,0.074426308,0.096168988,,,,
10/03/2020,0.001155316,0.000912485,0.001451001,,,,0.096355674,0.084817331,0.109595614,,,,
11/03/2020,0.001547474,0.001216108,0.001935138,,,,0.108549853,0.095551289,0.123465357,,,,
12/03/2020,0.002048807,0.001613919,0.002581905,,,,0.120110912,0.105727941,0.136614986,,,,
13/03/2020,0.002585929,0.00205134,0.003252705,,,,0.130247936,0.114651082,0.148144908,,,,
14/03/2020,0.0034682,0.002749712,0.004335041,,,,0.141115252,0.124217066,0.160505469,,,,
15/03/2020,0.00438955,0.003472111,0.005545152,,,,0.15049581,0.132474326,0.171174981,,,,
16/03/2020,0.005564754,0.004360776,0.007021873,,,,0.160156902,0.140978527,0.182163574,,,,
17/03/2020,0.007274895,0.005739653,0.009156965,,,,0.172130624,0.151518427,0.195782569,,,,
18/03/2020,0.009051919,0.00712966,0.011300491,,,,0.183439481,0.161473078,0.208645341,,,,
19/03/2020,0.01136522,0.008990737,0.014225247,,,,0.193384867,0.170227529,0.219957292,,,,
20/03/2020,0.014552825,0.011423281,0.018237034,,,,0.202571374,0.178313976,0.230406089,,,,
21/03/2020,0.017945457,0.014193557,0.0223716,,,,0.210750342,0.185513534,0.239708904,,,,
22/03/2020,0.02173651,0.017061024,0.027396762,,,,0.217455706,0.191415947,0.247335631,,,,
23/03/2020,0.02590722,0.020637856,0.032497164,,,,0.22433254,0.197469298,0.25515739,,,,
24/03/2020,0.032089377,0.025272828,0.040381293,,,,0.231411952,0.203700969,0.263209563,,,,
25/03/2020,0.039149403,0.030904527,0.048961608,,,,0.237048098,0.208662201,0.269620155,,,,
26/03/2020,0.046640408,0.037272659,0.058637323,,,,0.242234414,0.213227469,0.275519106,,,,
27/03/2020,0.05571543,0.044264398,0.070421668,,,,0.246753374,0.217205295,0.280659003,,0.069,0.05,0.089
28/03/2020,0.064590365,0.051202965,0.081876533,,,,0.25138137,0.2212791,0.285922917,,,,
29/03/2020,0.073472753,0.057909926,0.09248979,,,,0.254658442,0.224163752,0.289650282,,,,
30/03/2020,0.08193223,0.065128374,0.101916493,,,,0.257671633,0.226816121,0.293077507,,,,
31/03/2020,0.093005273,0.07328168,0.117366243,,,,0.26110436,0.229837788,0.296981914,,,,
01/04/2020,0.105067577,0.083071823,0.130846275,,,,0.264397466,0.232736553,0.300727516,,,,
02/04/2020,0.115982204,0.091423856,0.14469266,,,,0.266820803,0.234869702,0.303483836,,,,
03/04/2020,0.125442919,0.099242275,0.157007881,,,,0.268964602,0.236756786,0.305922208,,,,
04/04/2020,0.135768256,0.10734677,0.16931961,,,,0.271512398,0.23899949,0.308820089,,,,
05/04/2020,0.144098775,0.113445802,0.180735063,,,,0.273143662,0.240435414,0.3106755,,,,
06/04/2020,0.152645393,0.121169016,0.192762562,,,,0.274821577,0.241912404,0.312583972,,,,
07/04/2020,0.164516877,0.129780877,0.205223731,,,,0.276515074,0.243403108,0.314510167,,,,
08/04/2020,0.174484018,0.137543285,0.21864617,,,,0.278022168,0.244729732,0.316224346,,,,
09/04/2020,0.184192853,0.145561003,0.228690117,,,,0.279187471,0.245755493,0.317549771,,,,
10/04/2020,0.192349514,0.152543048,0.240987821,,,,0.280337258,0.246767596,0.318857546,,,,
11/04/2020,0.199207248,0.158067678,0.249578459,,,,0.281300609,0.247615588,0.319953268,,0.209,0.165,0.259
12/04/2020,0.205859067,0.161633317,0.257146168,,,,0.282201821,0.248408883,0.320978314,,,,
13/04/2020,0.211441922,0.168483114,0.26306823,,,,0.283025354,0.2491338,0.321915006,,,,
14/04/2020,0.217499712,0.171914398,0.270872931,,,,0.28381782,0.24983137,0.322816362,,,,
15/04/2020,0.221740305,0.17699375,0.276980592,,,,0.284470447,0.250405846,0.323558664,,,,
16/04/2020,0.225691967,0.17971164,0.281074557,,,,0.285185236,0.251035041,0.32437167,,,,
17/04/2020,0.228616072,0.183213673,0.285721604,,,,0.285666946,0.251459068,0.324919571,,,,
18/04/2020,0.232847302,0.185067744,0.288122855,,,,0.286241896,0.251965169,0.325573522,,,,
19/04/2020,0.234104156,0.187323851,0.293174352,,,,0.28683239,0.252484952,0.326245154,,,,
20/04/2020,0.235669829,0.189203135,0.294141149,0.168421053,0.305263158,0.052631579,0.287174257,0.252785882,0.326633996,0.168421053,,,
21/04/2020,0.238449671,0.190131822,0.297295368,,,,0.287811378,0.25334671,0.327358662,,,,
22/04/2020,0.241129256,0.193261552,0.299682698,,,,0.288230949,0.253716038,0.327835886,,,,
23/04/2020,0.241611062,0.194124517,0.301110756,,,,0.288666063,0.254099048,0.328330787,,,,
24/04/2020,0.243566372,0.193833533,0.302072516,,,,0.28908564,0.254468382,0.328808016,,,,
25/04/2020,0.244581613,0.19597658,0.302520451,,,,0.289365359,0.254714606,0.329126171,,,,
26/04/2020,0.24399078,0.1942157,0.30529241,,,,0.28964508,0.25496083,0.329444327,,,,
27/04/2020,0.245670383,0.196524164,0.30272976,0.12,0.266666667,0,0.289816021,0.255111302,0.329638757,0.12,,,
28/04/2020,0.246260436,0.195633117,0.303656593,,,,0.290064663,0.25533017,0.329921564,,,,
29/04/2020,0.246672545,0.197306687,0.303882132,,,,0.290422088,0.255644794,0.330328102,,,,
30/04/2020,0.245512636,0.197486612,0.303845183,,,,0.290624112,0.255822626,0.330557885,,,,
01/05/2020,0.245666086,0.196641938,0.30411944,,,,0.290748434,0.255932061,0.33069929,,,,
02/05/2020,0.246471081,0.196332783,0.304409039,,,,0.29099708,0.256150932,0.330982102,,0.232,0.2,0.263
03/05/2020,0.244875298,0.195911494,0.303874806,,,,0.291152484,0.256287727,0.33115886,,,,
04/05/2020,0.245113909,0.195662363,0.302969736,0.205128205,0.384615385,0.038461538,0.291323429,0.256438202,0.331353294,0.205128205,,,
05/05/2020,0.244693,0.19700253,0.303034544,,,,0.291603158,0.256684434,0.33167146,,,,
06/05/2020,0.244929031,0.195365122,0.301091873,,,,0.291758564,0.25682123,0.331848219,,,,
07/05/2020,0.243676795,0.197096806,0.30249949,,,,0.291960592,0.256999066,0.332078007,,,,
08/05/2020,0.24267435,0.194724764,0.299234318,,,,0.292084917,0.257108503,0.332219415,,,,
09/05/2020,0.241658861,0.194482465,0.298290171,,,,0.292224783,0.257231621,0.3323785,,,,
10/05/2020,0.242731974,0.192824472,0.299669704,,,,0.292318027,0.257313699,0.332484557,,,,
11/05/2020,0.240561959,0.194118739,0.297480266,0.091954023,0.218390805,0,0.292473435,0.257450497,0.332661318,0.091954023,,,
12/05/2020,0.240334159,0.193650373,0.297371259,,,,0.292659924,0.257614655,0.332873432,,,,
13/05/2020,0.239934118,0.194452601,0.295818308,,,,0.292861955,0.257792493,0.333103224,,,,
14/05/2020,0.23893721,0.191299899,0.295059313,,,,0.292986282,0.257901932,0.333244634,,,,
15/05/2020,0.237969615,0.191498427,0.293702693,,,,0.293110609,0.258011371,0.333386044,,,,
16/05/2020,0.237191058,0.189470884,0.289774566,,,,0.293203855,0.258093451,0.333492103,,,,
17/05/2020,0.23611207,0.18994669,0.289500015,,,,0.293266018,0.258148171,0.333562808,,,,
18/05/2020,0.234982156,0.189003294,0.289709838,0.109756098,0.243902439,0.012195122,0.293312641,0.258189211,0.333615837,0.109756098,,,
19/05/2020,0.233881242,0.187481852,0.289870043,,,,0.293374805,0.258243931,0.333686543,,,,
20/05/2020,0.233030171,0.188048719,0.287101177,,,,0.293436969,0.258298651,0.333757249,,,,
21/05/2020,0.23341031,0.187577875,0.287741112,,,,0.293499133,0.258353371,0.333827954,,,,
22/05/2020,0.231874589,0.185237656,0.284109131,,,,0.293545756,0.258394411,0.333880984,,,,
23/05/2020,0.231304988,0.186478572,0.284989375,,,,0.293654543,0.258490171,0.334004719,,,,
24/05/2020,0.230234456,0.185502773,0.27997174,,,,0.293685625,0.258517531,0.334040072,,,,
25/05/2020,0.229492878,0.185670637,0.28148861,,,,0.29374779,0.258572251,0.334110778,,,,
26/05/2020,0.227611687,0.183381744,0.27973599,,,,0.293825495,0.258640652,0.334199161,,,,
27/05/2020,0.227146823,0.18249199,0.279386746,,,,0.293887659,0.258695372,0.334269867,,,,
28/05/2020,0.226816242,0.181179516,0.277591595,,,,0.293980906,0.258777453,0.334375926,,,,
29/05/2020,0.225301445,0.183187712,0.278295593,,,,0.294043071,0.258832173,0.334446633,,,,
30/05/2020,0.223255036,0.179832808,0.274648688,,,,0.294136318,0.258914254,0.334552692,,,,
31/05/2020,0.223586201,0.178818704,0.274777466,,,,0.294151859,0.258927934,0.334570369,,,,
01/06/2020,0.222460055,0.178269928,0.271122401,,,,0.294214023,0.258982655,0.334641076,,,,
02/06/2020,0.221948531,0.178226527,0.274711545,,,,0.294245106,0.259010015,0.334676429,,,,
03/06/2020,0.220412543,0.177250441,0.270183743,,,,0.294260647,0.259023695,0.334694105,,,,
04/06/2020,0.220154337,0.176124654,0.27007274,,,,0.294307271,0.259064736,0.334747135,,,,
05/06/2020,0.218984347,0.175250116,0.269054277,,,,0.294322812,0.259078416,0.334764812,,,,
06/06/2020,0.217177746,0.17566108,0.267101008,,,,0.294353894,0.259105776,0.334800166,,,,
07/06/2020,0.216413668,0.173750334,0.267649244,,,,0.294384977,0.259133137,0.334835519,,,,
08/06/2020,0.215991163,0.172888191,0.265683641,,,,0.294462683,0.259201538,0.334923902,,,,
09/06/2020,0.213887051,0.173020178,0.263347741,,,,0.294571472,0.259297299,0.33504764,,,,
10/06/2020,0.213503662,0.172412251,0.262819169,,,,0.294633637,0.25935202,0.335118347,,,,
11/06/2020,0.212432689,0.170380464,0.263394199,,,,0.294649178,0.259365701,0.335136023,,,,
12/06/2020,0.212790686,0.170135348,0.259808073,,,,0.294757967,0.259461462,0.335259761,,,,
13/06/2020,0.210485644,0.169404267,0.259078049,,,,0.294773508,0.259475143,0.335277438,,,,
14/06/2020,0.210462982,0.168815964,0.259532852,,,,0.29478905,0.259488823,0.335295114,,,,
15/06/2020,0.209096987,0.168385569,0.257323173,,,,0.294835674,0.259529864,0.335348145,,,,
16/06/2020,0.207744777,0.167033426,0.255761843,,,,0.29491338,0.259598265,0.335436529,,,,
17/06/2020,0.207472877,0.166487576,0.257177425,,,,0.294975546,0.259652987,0.335507236,,,,
18/06/2020,0.20562485,0.164990105,0.252548415,,,,0.29502217,0.259694028,0.335560267,,0.195,0.172,0.219
19/06/2020,0.205153589,0.164587111,0.251647277,,,,0.295099877,0.259762429,0.335648651,,,,
20/06/2020,0.204231658,0.162597707,0.251977401,,,,0.295099877,0.259762429,0.335648651,,,,
21/06/2020,0.203131373,0.163534917,0.249015648,,,,0.29513096,0.25978979,0.335684005,,,,
22/06/2020,0.202364847,0.161883629,0.249353584,,,,0.295177584,0.259830831,0.335737036,,,,
23/06/2020,0.201877276,0.161850839,0.249017499,,,,0.295286374,0.259926594,0.335860774,,,,
24/06/2020,0.200235176,0.1616038,0.246484816,,,,0.295317457,0.259953955,0.335896128,,,,
25/06/2020,0.199540171,0.159285079,0.247060727,,,,0.295395164,0.260022357,0.335984513,,,,
26/06/2020,0.198288689,0.157134469,0.245806868,,,,0.295441788,0.260063398,0.336037544,,,,
27/06/2020,0.197204683,0.157741695,0.24477925,,,,0.295535037,0.260145481,0.336143606,,,,
28/06/2020,0.196565917,0.157418441,0.244991977,,,,0.295597203,0.260200202,0.336214314,,,,
29/06/2020,0.195403979,0.156739378,0.24291648,,,,0.29565937,0.260254924,0.336285022,,,,
30/06/2020,0.194667538,0.155411898,0.240422305,,,,0.295705994,0.260295966,0.336338053,,,,
01/07/2020,0.193062708,0.154665462,0.240990028,,,,0.295737077,0.260323327,0.336373408,,,,
02/07/2020,0.19335623,0.153210849,0.239910577,,,,0.295783702,0.260364368,0.336426439,,,,
03/07/2020,0.191836108,0.15414749,0.237805415,,,,0.295845868,0.26041909,0.336497147,,,,
04/07/2020,0.191620818,0.151615662,0.237605829,,,,0.29586141,0.260432771,0.336514824,,,,
05/07/2020,0.190428335,0.151386483,0.235247083,,,,0.295923576,0.260487493,0.336585533,,,,
06/07/2020,0.189207279,0.150649668,0.234440955,,,,0.295939118,0.260501173,0.33660321,,,,
07/07/2020,0.188360144,0.151859852,0.233557763,,,,0.295985743,0.260542215,0.336656241,,,,
08/07/2020,0.187546598,0.150033853,0.235043661,,,,0.296063451,0.260610618,0.336744627,,,,
09/07/2020,0.186776261,0.149590066,0.233321847,,,,0.296110076,0.26065166,0.336797658,,0.176,0.155,0.2
10/07/2020,0.185995435,0.14842244,0.231966457,,,,0.296110076,0.26065166,0.336797658,,,,
11/07/2020,0.185617356,0.148005778,0.230476475,,,,0.296172242,0.260706382,0.336868367,,,,
12/07/2020,0.184633508,0.14662811,0.231494509,,,,0.296203326,0.260733743,0.336903722,,,,
13/07/2020,0.183217653,0.146266721,0.231021694,,,,0.296249951,0.260774785,0.336956753,,,,
14/07/2020,0.182225998,0.14508676,0.228315164,,,,0.296374284,0.26088423,0.337098171,,,,
15/07/2020,0.182630975,0.144640045,0.227931389,,,,0.296420909,0.260925272,0.337151203,,,,
16/07/2020,0.181172415,0.143616527,0.22751255,,,,0.296436451,0.260938952,0.33716888,,,,
17/07/2020,0.180679011,0.143474414,0.225362442,,,,0.296498618,0.260993675,0.337239589,,,,
18/07/2020,0.179382139,0.142000924,0.223211504,,,,0.296560785,0.261048397,0.337310298,,,,
19/07/2020,0.17891159,0.141286329,0.224040877,,,,0.296591868,0.261075759,0.337345653,,,,
20/07/2020,0.178008767,0.140967346,0.22335516,0.076923077,0.186813187,0,0.296622952,0.26110312,0.337381008,0.076923077,,,
21/07/2020,0.176861986,0.138967323,0.22278155,,,,0.296700661,0.261171524,0.337469394,,,,
22/07/2020,0.175868449,0.139471281,0.223251967,,,,0.296747286,0.261212566,0.337522426,,,,
23/07/2020,0.175044214,0.138273223,0.219909139,,,,0.296824995,0.261280969,0.337610813,,,,
24/07/2020,0.173838752,0.137188688,0.220127463,,,,0.296918246,0.261363054,0.337716877,,,,
25/07/2020,0.173090711,0.136770919,0.220115052,,,,0.29694933,0.261390415,0.337752232,,,,
26/07/2020,0.173075937,0.135737045,0.218389335,,,,0.297011497,0.261445138,0.337822942,,,,
27/07/2020,0.171911269,0.135031942,0.217088937,0.077777778,0.166666667,0.011111111,0.297027039,0.261458819,0.337840619,0.077777778,,,
28/07/2020,0.171307705,0.134089934,0.216385054,,,,0.297058123,0.261486181,0.337875974,,,,
29/07/2020,0.170378469,0.134219336,0.215689974,,,,0.29712029,0.261540904,0.337946684,,0.184,0.161,0.207
30/07/2020,0.169557396,0.132187196,0.214812458,,,,0.297182458,0.261595627,0.338017394,,,,
31/07/2020,0.169071474,0.131613384,0.214235961,,,,0.297213542,0.261622988,0.338052749,,,,
01/08/2020,0.168010382,0.131679103,0.212912877,,,,0.297244626,0.26165035,0.338088104,,,,
02/08/2020,0.167589899,0.130919732,0.211771407,,,,0.297275709,0.261677712,0.338123459,,,,
03/08/2020,0.166653615,0.12932465,0.211460628,0.107526882,0.225806452,0.021505376,0.297322335,0.261718754,0.338176491,0.107526882,,,
04/08/2020,0.165880259,0.129748053,0.211253519,,,,0.297353419,0.261746116,0.338211846,,,,
05/08/2020,0.165023316,0.128569633,0.211116731,,,,0.297415587,0.261800839,0.338282556,,,,
06/08/2020,0.164483097,0.128456516,0.209733684,,,,0.297493297,0.261869244,0.338370944,,,,
07/08/2020,0.163324877,0.127801492,0.20868909,,,,0.297555465,0.261923967,0.338441654,,,,
08/08/2020,0.162684426,0.125411668,0.209609919,,,,0.297586549,0.261951329,0.338477009,,,,
09/08/2020,0.161771988,0.126545981,0.20743154,,,,0.297648717,0.262006052,0.33854772,,,,
10/08/2020,0.160501683,0.124002458,0.20580081,0.128712871,0.257425743,0.02970297,0.297664259,0.262019733,0.338565397,0.128712871,,,
11/08/2020,0.160443628,0.124837727,0.205853878,,,,0.297726427,0.262074457,0.338636108,,,,
12/08/2020,0.159538211,0.123965803,0.205316985,,,,0.297804137,0.262142862,0.338724496,,,,
13/08/2020,0.159260393,0.124164292,0.20488661,,,,0.297866305,0.262197585,0.338795206,,,,
14/08/2020,0.15857376,0.122994956,0.204364607,,,,0.297897389,0.262224947,0.338830562,,,,
15/08/2020,0.157474621,0.121615004,0.202368944,,,,0.298021726,0.262334395,0.338971983,,,,
16/08/2020,0.157805285,0.121551698,0.203333196,,,,0.298068353,0.262375438,0.339025016,,,,
17/08/2020,0.156556025,0.120038079,0.199785757,0.094117647,0.211764706,0.011764706,0.298130521,0.262430162,0.339095727,0.094117647,,,
18/08/2020,0.155362805,0.119705368,0.201500624,,,,0.29819269,0.262484886,0.339166438,,,,
19/08/2020,0.154457463,0.119566968,0.200675763,,,,0.298239316,0.262525929,0.339219471,,,,
20/08/2020,0.154478851,0.118719517,0.199986975,,,,0.298285943,0.262566972,0.339272505,,,,
21/08/2020,0.153998991,0.118563465,0.198683703,,,,0.298301485,0.262580653,0.339290183,,,,
22/08/2020,0.152656032,0.117336158,0.198263337,,,,0.298363654,0.262635377,0.339360894,,,,
23/08/2020,0.152153458,0.116762784,0.197377991,,,,0.298379196,0.262649058,0.339378572,,,,
24/08/2020,0.151371403,0.116184334,0.196787854,0.080808081,0.181818182,0.01010101,0.298425822,0.262690102,0.339431605,0.080808081,,,
25/08/2020,0.15049458,0.115010977,0.195892795,,,,0.298456907,0.262717464,0.339466961,,,,
26/08/2020,0.14962449,0.114313094,0.193868091,,,,0.298565702,0.262813231,0.339590705,,,,
27/08/2020,0.149197233,0.113696395,0.194003115,,,,0.298581245,0.262826912,0.339608383,,,,
28/08/2020,0.14859014,0.113133073,0.196422708,,,,0.298658956,0.262895318,0.339696773,,,,
29/08/2020,0.147817503,0.112509737,0.19339986,,,,0.298736667,0.262963724,0.339785162,,,,
30/08/2020,0.146795908,0.112821498,0.193188618,,,,0.29875221,0.262977405,0.33980284,,,,
31/08/2020,0.146854627,0.111153488,0.192744309,0.140186916,0.252336449,0.056074766,0.298829921,0.26304581,0.33989123,0.140186916,,,
01/09/2020,0.145795034,0.110428461,0.190268681,,,,0.298829921,0.26304581,0.33989123,,,,
02/09/2020,0.144774429,0.110522198,0.190894713,,,,0.298861006,0.263073173,0.339926585,,,,
03/09/2020,0.144426799,0.11053257,0.191137286,,,,0.298907633,0.263114216,0.339979619,,,,
04/09/2020,0.14366177,0.10847942,0.189705913,,,,0.299063056,0.263251028,0.340156399,,,,
05/09/2020,0.143814387,0.107801976,0.188697743,,,,0.299202937,0.263374159,0.340315501,,,,
06/09/2020,0.142631828,0.107471636,0.188178905,,,,0.299280649,0.263442565,0.340403891,,,,
07/09/2020,0.141617291,0.10679687,0.187532768,0.02739726,0.109589041,0,0.299311734,0.263469928,0.340439247,0.02739726,,,
08/09/2020,0.141100375,0.106507531,0.188132737,,,,0.299404989,0.263552015,0.340545316,,,,
09/09/2020,0.140519685,0.105825155,0.187391603,,,,0.299513786,0.263647784,0.340669062,,,,
10/09/2020,0.140195295,0.104861258,0.186127166,,,,0.299607041,0.263729872,0.340775131,,,,
11/09/2020,0.139417885,0.105084452,0.186139888,,,,0.299778009,0.263880367,0.340969591,,,,
12/09/2020,0.138598873,0.104609987,0.187339585,,,,0.299917892,0.264003499,0.341128695,,,,
13/09/2020,0.137851239,0.10356189,0.185091871,,,,0.300011147,0.264085588,0.341234764,,,,
14/09/2020,0.137167637,0.102467987,0.184738561,,,,0.300119945,0.264181358,0.341358512,,,,
15/09/2020,0.136799568,0.103220502,0.184353384,,,,0.300197658,0.264249765,0.341446904,,,,
16/09/2020,0.136154212,0.101547244,0.183044653,,,,0.300306457,0.264345535,0.341570652,,,,
17/09/2020,0.136047786,0.101644799,0.180664667,,,,0.300368628,0.264400261,0.341641365,,,,
18/09/2020,0.134920909,0.101339936,0.181214227,,,,0.300461884,0.26448235,0.341747435,,,,
19/09/2020,0.13450393,0.100605168,0.180338713,,,,0.300539597,0.264550758,0.341835827,,,,
20/09/2020,0.133808418,0.099735051,0.181268117,,,,0.300617311,0.264619165,0.341924219,,,,
21/09/2020,0.133007807,0.098757334,0.177734676,,,,0.300648397,0.264646528,0.341959576,,,,
22/09/2020,0.13297255,0.099494685,0.179300058,,,,0.300710568,0.264701255,0.34203029,,,,
23/09/2020,0.131926244,0.09830686,0.176195333,,,,0.300757196,0.264742299,0.342083325,,,,
24/09/2020,0.13163863,0.096836879,0.176807009,,,,0.300865995,0.26483807,0.342207075,,,,
25/09/2020,0.130782744,0.096743248,0.177937129,,,,0.300974795,0.264933841,0.342330824,,,,
26/09/2020,0.130696296,0.096132027,0.176497578,,,,0.301068052,0.265015931,0.342436896,,,,
27/09/2020,0.129642239,0.09566702,0.176080004,,,,0.301099138,0.265043294,0.342472253,,,,
28/09/2020,0.129344012,0.094330907,0.176973051,0.088888889,0.177777778,0.022222222,0.301145766,0.265084339,0.342525288,0.088888889,,,
29/09/2020,0.128149243,0.094921201,0.174592613,,,,0.301239024,0.265166429,0.34263136,,,,
30/09/2020,0.128540597,0.094327055,0.174816015,,,,0.30137891,0.265289565,0.342790467,,,,
01/10/2020,0.127526316,0.09523016,0.172699041,,,,0.301472168,0.265371655,0.342896539,,,,
02/10/2020,0.12735714,0.093243312,0.174623515,,,,0.301596511,0.265481109,0.343037969,,,,
03/10/2020,0.126852466,0.092968525,0.173133154,,,,0.301720855,0.265590563,0.343179398,,,,
04/10/2020,0.12651904,0.092571108,0.173312758,,,,0.301860742,0.265713699,0.343338507,,,,
05/10/2020,0.125870014,0.092268116,0.17269437,0.071428571,0.173469388,0,0.302016173,0.265850517,0.343515295,0.071428571,,,
06/10/2020,0.125048076,0.091499358,0.172585,,,,0.302124975,0.26594629,0.343639047,,,,
07/10/2020,0.124681902,0.091016567,0.171191643,,,,0.30224932,0.266055745,0.343780477,,,,
08/10/2020,0.123746867,0.09038058,0.17043935,,,,0.302327035,0.266124155,0.343868872,,,,
09/10/2020,0.123318747,0.090277327,0.170717346,,,,0.302435838,0.266219928,0.343992624,,,,
10/10/2020,0.122952236,0.090019545,0.16975442,,,,0.302575726,0.266343065,0.344151735,,,,
11/10/2020,0.122279243,0.08973084,0.169438748,,,,0.302715616,0.266466203,0.344310846,,,,
12/10/2020,0.1220293,0.088642833,0.16890594,0.162162162,0.310810811,0.054054054,0.302824418,0.266561977,0.344434599,0.162162162,,,
13/10/2020,0.121385337,0.088115214,0.169136155,,,,0.302995395,0.266712479,0.344629068,,,,
14/10/2020,0.120224241,0.087121287,0.168036702,,,,0.303057568,0.266767208,0.344699785,,,,
15/10/2020,0.121069258,0.086986235,0.168167352,,,,0.303197458,0.266890346,0.344858897,,,,
16/10/2020,0.119873266,0.086449558,0.168137289,,,,0.303306262,0.266986121,0.344982651,,,,
17/10/2020,0.119416033,0.085732953,0.167154057,,,,0.303477239,0.267136625,0.345177122,,,,
18/10/2020,0.119109943,0.084958461,0.166745383,,,,0.3035705,0.267218717,0.345283197,,,,
19/10/2020,0.118328401,0.084828052,0.166088952,0.072289157,0.156626506,0.012048193,0.303663761,0.267300811,0.345389273,0.072289157,,,
20/10/2020,0.117887547,0.084835117,0.165189582,,,,0.303819196,0.267437633,0.345566066,,,,
21/10/2020,0.117310392,0.084383047,0.16499953,,,,0.304083436,0.267670231,0.345866614,,,,
22/10/2020,0.117134674,0.083563424,0.164628699,,,,0.304332134,0.267889148,0.346149485,,,,
23/10/2020,0.116653046,0.08317571,0.163194901,,,,0.304534202,0.268067018,0.346379318,,,,
24/10/2020,0.115981974,0.08260032,0.163747812,,,,0.30486062,0.268354349,0.346750589,,,,
25/10/2020,0.115545604,0.082036326,0.1625316,,,,0.305155953,0.268614316,0.347086502,,,,
26/10/2020,0.115353437,0.082231677,0.162794038,0.069767442,0.209302326,0,0.305404655,0.268833237,0.347369377,0.069767442,,,
27/10/2020,0.114857299,0.082216192,0.163160733,,,,0.305591182,0.268997428,0.347581535,,,,
28/10/2020,0.114575404,0.081545631,0.161800677,,,,0.30585543,0.269230033,0.347882092,,,,
29/10/2020,0.113826399,0.081793044,0.162864948,,,,0.306041958,0.269394225,0.348094251,,,,
30/10/2020,0.113129364,0.080479125,0.160982091,,,,0.306321752,0.269640514,0.34841249,,,,
31/10/2020,0.113369539,0.080850905,0.159689497,,,,0.306663724,0.269941535,0.348801451,,,,
01/11/2020,0.112728127,0.079790036,0.158814026,,,,0.306974609,0.270215193,0.349155054,,,,
02/11/2020,0.112331244,0.079273715,0.161127297,0.111111111,0.2,0.033333333,0.307207773,0.270420437,0.349420257,0.111111111,,,
03/11/2020,0.111704655,0.079049578,0.160119986,,,,0.307565294,0.270735145,0.349826904,,,,
04/11/2020,0.110920067,0.078403101,0.157474905,,,,0.307922817,0.271049856,0.350233553,,,,
05/11/2020,0.110988575,0.078240014,0.157338315,,,,0.308358065,0.271432984,0.350728607,,,,
06/11/2020,0.110372829,0.07735125,0.157578909,,,,0.308793316,0.271816115,0.351223665,,,,
07/11/2020,0.109788436,0.077456992,0.158426342,,,,0.309213025,0.272185565,0.351701045,,,,
08/11/2020,0.10916147,0.07706849,0.157084741,,,,0.309555013,0.2724866,0.352090023,,,,
09/11/2020,0.109271954,0.076230765,0.15867224,0.162162162,0.310810811,0.054054054,0.310021362,0.272897105,0.352620452,0.162162162,,,
10/11/2020,0.109059682,0.0768212,0.157775442,,,,0.310441079,0.273266562,0.353097842,,,,
11/11/2020,0.109108381,0.076603762,0.154848932,,,,0.31092298,0.273690757,0.353645959,,,,
12/11/2020,0.108199349,0.076013368,0.156475049,,,,0.311389339,0.274101271,0.354176399,,,,
13/11/2020,0.107590677,0.075817137,0.156517318,,,,0.312026702,0.274662311,0.354901341,,,,
14/11/2020,0.107138246,0.07605874,0.15585266,,,,0.312508615,0.275086517,0.355449472,,,,
15/11/2020,0.107442004,0.075705955,0.155068639,,,,0.313068261,0.275579146,0.356086016,,,,
16/11/2020,0.107360794,0.076251474,0.154690945,0.164556962,0.278481013,0.063291139,0.313503544,0.275962305,0.35658111,0.164556962,,,
17/11/2020,0.106567524,0.074109969,0.154220291,,,,0.314078744,0.276468626,0.357235347,,,,
18/11/2020,0.106391326,0.07451563,0.154380024,,,,0.314669495,0.276988637,0.357907272,,,,
19/11/2020,0.10611854,0.074811401,0.15310357,,,,0.315337984,0.277577076,0.358667615,,,,
20/11/2020,0.105703757,0.073417074,0.153521159,,,,0.316208584,0.278343424,0.359657842,,,,
21/11/2020,0.105667441,0.073801628,0.154232874,,,,0.316954822,0.279000302,0.360506618,,,,
22/11/2020,0.105544989,0.073679069,0.153357435,,,,0.317374585,0.279369799,0.36098406,,,,
23/11/2020,0.105560285,0.073505313,0.153694958,0.14893617,0.265957447,0.053191489,0.317980914,0.279903522,0.361673702,0.14893617,,,
24/11/2020,0.105625437,0.07278927,0.153858464,,,,0.318649437,0.280491991,0.362434085,,,,
25/11/2020,0.105068941,0.073158395,0.154734887,,,,0.319395704,0.281148894,0.363282894,,,,
26/11/2020,0.105345534,0.073283711,0.152827476,,,,0.320095337,0.281764748,0.364078662,,,,
27/11/2020,0.104670833,0.072929559,0.153849808,,,,0.320592859,0.282202693,0.364644546,,,,
28/11/2020,0.104704428,0.073101214,0.152130728,,,,0.321230314,0.282763814,0.365369592,,,,
29/11/2020,0.104481149,0.072314788,0.151748064,,,,0.321774488,0.283242825,0.365988539,,,,
30/11/2020,0.104790045,0.07300777,0.153985513,0.066666667,0.16,0,0.322567435,0.283940819,0.366890443,0.066666667,,,
01/12/2020,0.104766152,0.072913065,0.15315675,,,,0.323500327,0.284761999,0.367951521,,,,
02/12/2020,0.104218391,0.072588103,0.154226938,,,,0.324308845,0.285473699,0.368871135,,,,
03/12/2020,0.104596776,0.072133804,0.153770781,,,,0.325226213,0.286281215,0.369914556,,,,
04/12/2020,0.104791387,0.072555136,0.152864615,,,,0.326019204,0.286979247,0.370816509,,,,
05/12/2020,0.104213108,0.072289077,0.153671768,,,,0.326843302,0.287704662,0.371753844,,,,
06/12/2020,0.104194991,0.073750491,0.153260721,,,,0.327854004,0.288594334,0.372903423,,,,
07/12/2020,0.104641444,0.072859322,0.152757174,0.112359551,0.224719101,0.02247191,0.328724775,0.289360833,0.373893844,0.112359551,,,
08/12/2020,0.104349164,0.072251139,0.151618388,,,,0.329580008,0.290113654,0.374866592,,,,
09/12/2020,0.104300013,0.0724226,0.152586005,,,,0.330326402,0.29077067,0.375715546,,,,
10/12/2020,0.104914387,0.073195846,0.152949251,,,,0.331072806,0.291427693,0.376564511,,,,
11/12/2020,0.1049271,0.073628339,0.153879807,,,,0.331850318,0.292112101,0.377448859,,,,
12/12/2020,0.10545659,0.073957049,0.155790723,,,,,,,,,,
13/12/2020,0.105297494,0.074271924,0.152369621,,,,,,,,,,
14/12/2020,0.105323878,0.074024423,0.15345432,0.146666667,0.266666667,0.053333333,,,,0.146666667,,,
15/12/2020,0.105477906,0.074239166,0.154847085,,,,,,,,,,
16/12/2020,0.10578639,0.073582688,0.153520201,,,,,,,,,,
17/12/2020,0.105628133,0.073967508,0.154503746,,,,,,,,,,
18/12/2020,0.105787017,0.07347647,0.154203953,,,,,,,,,,
19/12/2020,0.10602081,0.074780607,0.153965716,,,,,,,,,,
20/12/2020,0.106289425,0.07456881,0.154462283,,,,,,,,,,
21/12/2020,0.106274433,0.074770272,0.156168254,0.092105263,0.197368421,0.013157895,,,,0.092105263,,,
22/12/2020,0.107121614,0.075782758,0.157299011,,,,,,,,,,
23/12/2020,0.107141783,0.074833699,0.154732404,,,,,,,,,,
24/12/2020,0.10743673,0.07593082,0.156449036,,,,,,,,,,
25/12/2020,0.107263692,0.075894885,0.155948441,,,,,,,,,,
26/12/2020,0.107573732,0.076073117,0.155448133,,,,,,,,,,
27/12/2020,0.108224042,0.077304057,0.159324347,,,,,,,,,,
28/12/2020,0.108621048,0.07768353,0.158872808,,,,,,,,,,
29/12/2020,0.108810531,0.077269388,0.159780449,,,,,,,,,,
30/12/2020,0.109361844,0.077685324,0.15954242,,,,,,,,,,
31/12/2020,0.109345977,0.077734566,0.15898424,,,,,,,,,,
